seed,method,regime,epsilon,leaf_accuracy,macro_f1,path_accuracy,wrong_parent_rate,nll,ece,wrong_branch_mass_mean,catastrophic_wrong_branch
11,vanilla,exact,0.0,0.5786038592508513,0.574405622938796,0.5786038592508513,0.1993473325766175,1.5785682201385498,0.03847121713930375,0.27794481260822523,0.22531214528944382
11,hard_map,exact,0.0,0.6853007945516458,0.6736856577587633,0.6853007945516458,0.0,1.0472385883331299,0.026528711381043794,4.482188100306049e-09,0.0
11,tree,exact,0.0,0.6085414301929626,0.6029249457976659,0.6085414301929626,0.1511066969353008,1.4532429394714188,0.041622399780420996,0.22444203696899337,0.17423382519863792
11,poincare,exact,0.0,0.6071225879682179,0.6015322815253074,0.6071225879682179,0.15337684449489217,1.4633401045477763,0.041524794303207616,0.22864854763063303,0.17792281498297388
11,ultrametric,exact,0.0,0.6042849035187288,0.5987855870210542,0.6042849035187288,0.15848467650397277,1.472297569712969,0.04121078292464819,0.23290066349274594,0.1811861520998865
11,geometric_shell,exact,0.0,0.6035754824063564,0.5980870372845581,0.6035754824063564,0.15961975028376846,1.4761935235194599,0.0414186607392815,0.23461504501940036,0.18374006810442678
11,vanilla,predicted,0.0,0.5786038592508513,0.574405622938796,0.5786038592508513,0.1993473325766175,1.5785682201385498,0.03847121713930375,0.27794481260822523,0.22531214528944382
11,hard_map,predicted,0.0,0.5295119182746879,0.5245148555665216,0.5295119182746879,0.23396708286038592,7.248897552490234,0.12947168920578164,0.23396708641230857,0.23396708286038592
11,tree,predicted,0.0,0.5790295119182747,0.573536809480401,0.5790295119182747,0.1938138479001135,1.5765348723889405,0.034637730200281866,0.2615971920218299,0.21580590238365494
11,poincare,predicted,0.0,0.5788876276958003,0.5738668099380128,0.5788876276958003,0.19466515323496028,1.576493501663208,0.033958558816669954,0.26276447850614615,0.21694097616345062
11,ultrametric,predicted,0.0,0.5784619750283768,0.5731396852554408,0.5784619750283768,0.19480703745743475,1.5761838632378258,0.03393238731488279,0.26408057192526024,0.21722474460839955
11,geometric_shell,predicted,0.0,0.5784619750283768,0.5732107363019556,0.5784619750283768,0.19509080590238365,1.576145723001455,0.034511334304509186,0.26458907513360663,0.21765039727582292
11,vanilla,missing,0.0,0.5786038592508513,0.574405622938796,0.5786038592508513,0.1993473325766175,1.5785682201385498,0.03847121713930375,0.27794481260822523,0.22531214528944382
11,hard_map,missing,0.0,0.5786038592508513,0.574405622938796,0.5786038592508513,0.1993473325766175,1.5785682201385498,0.03847121713930375,0.27794481260822523,0.22531214528944382
11,tree,missing,0.0,0.5786038592508513,0.574405622938796,0.5786038592508513,0.1993473325766175,1.5785682208614715,0.038471199078939936,0.2779448125690076,0.22531214528944382
11,poincare,missing,0.0,0.5786038592508513,0.574405622938796,0.5786038592508513,0.1993473325766175,1.5785682201385498,0.03847121713930375,0.27794481260822523,0.22531214528944382
11,ultrametric,missing,0.0,0.5786038592508513,0.574405622938796,0.5786038592508513,0.1993473325766175,1.5785682208614715,0.038471199078939936,0.2779448125690076,0.22531214528944382
11,geometric_shell,missing,0.0,0.5786038592508513,0.574405622938796,0.5786038592508513,0.1993473325766175,1.5785682208614715,0.038471199078939936,0.2779448125690076,0.22531214528944382
11,vanilla,corrupted,0.0,0.5786038592508513,0.574405622938796,0.5786038592508513,0.1993473325766175,1.5785682201385498,0.03847121713930375,0.27794481260822523,0.22531214528944382
11,hard_map,corrupted,0.0,0.5295119182746879,0.5245148555665216,0.5295119182746879,0.23396708286038592,7.248897552490234,0.12947168920578164,0.23396708641230857,0.23396708286038592
11,tree,corrupted,0.0,0.5790295119182747,0.573536809480401,0.5790295119182747,0.1938138479001135,1.5765348723889405,0.034637730200281866,0.2615971920218299,0.21580590238365494
11,poincare,corrupted,0.0,0.5788876276958003,0.5738668099380128,0.5788876276958003,0.19466515323496028,1.576493501663208,0.033958558816669954,0.26276447850614615,0.21694097616345062
11,ultrametric,corrupted,0.0,0.5784619750283768,0.5731396852554408,0.5784619750283768,0.19480703745743475,1.5761838632378258,0.03393238731488279,0.26408057192526024,0.21722474460839955
11,geometric_shell,corrupted,0.0,0.5784619750283768,0.5732107363019556,0.5784619750283768,0.19509080590238365,1.576145723001455,0.034511334304509186,0.26458907513360663,0.21765039727582292
11,vanilla,corrupted,0.1,0.5786038592508513,0.574405622938796,0.5786038592508513,0.1993473325766175,1.5785682201385498,0.03847121713930375,0.27794481260822523,0.22531214528944382
11,hard_map,corrupted,0.1,0.5256810442678774,0.5204559042160819,0.5256810442678774,0.2395005675368899,7.396750450134277,0.13224365108696137,0.23950057116492518,0.2395005675368899
11,tree,corrupted,0.1,0.5786038592508513,0.5732681530052675,0.5786038592508513,0.19452326901248582,1.5786485561218075,0.03487273254428573,0.2637458108424924,0.21694097616345062
11,poincare,corrupted,0.1,0.5790295119182747,0.5739606608483919,0.5790295119182747,0.19452326901248582,1.578426881207704,0.036142399909804813,0.26478129441999126,0.21765039727582292
11,ultrametric,corrupted,0.1,0.5786038592508513,0.5733150451960584,0.5786038592508513,0.19551645856980704,1.5780495123948088,0.03478838392260637,0.2659469232302853,0.21835981838819524
11,geometric_shell,corrupted,0.1,0.5787457434733257,0.5735794809076883,0.5787457434733257,0.19580022701475597,1.5779577367038842,0.034830597992352,0.2663957335924909,0.21821793416572077
11,vanilla,corrupted,0.2,0.5786038592508513,0.574405622938796,0.5786038592508513,0.1993473325766175,1.5785682201385498,0.03847121713930375,0.27794481260822523,0.22531214528944382
11,hard_map,corrupted,0.2,0.5183030646992054,0.5132608626184147,0.5183030646992054,0.24985811577752554,7.673250675201416,0.1373749731265,0.24985811931253427,0.24985811577752554
11,tree,corrupted,0.2,0.5781782065834279,0.5729268411517562,0.5781782065834279,0.19622587968217933,1.580885471649664,0.03495018870751363,0.2659882297117987,0.21864358683314417
11,poincare,corrupted,0.2,0.5781782065834279,0.5731149154684121,0.5781782065834279,0.19665153234960273,1.5804705687909604,0.035095393095275124,0.2668789444385361,0.2196367763904654
11,ultrametric,corrupted,0.2,0.5781782065834279,0.5730280740554727,0.5781782065834279,0.19721906923950056,1.5800088464932813,0.03520281782924003,0.2678832724161313,0.22006242905788875
11,geometric_shell,corrupted,0.2,0.5781782065834279,0.5730566679987367,0.5781782065834279,0.19764472190692395,1.5798576575820438,0.03478800277412423,0.2682678320201515,0.22006242905788875
11,vanilla,corrupted,0.3,0.5786038592508513,0.574405622938796,0.5786038592508513,0.1993473325766175,1.5785682201385498,0.03847121713930375,0.27794481260822523,0.22531214528944382
11,hard_map,corrupted,0.3,0.4965947786606129,0.4919955050854065,0.4965947786606129,0.2819239500567537,8.529745101928711,0.15067133275320527,0.28192395339725235,0.2819239500567537
11,tree,corrupted,0.3,0.577894438138479,0.5728913134248165,0.577894438138479,0.19764472190692395,1.5832595658505273,0.03438455778981593,0.26833347727413004,0.22077185017026107
11,poincare,corrupted,0.3,0.5774687854710556,0.5725998868525053,0.5774687854710556,0.1982122587968218,1.5826359486193406,0.03392675382259139,0.26906450519538555,0.22148127128263337
11,ultrametric,corrupted,0.3,0.57761066969353,0.5726042709758178,0.57761066969353,0.1989216799091941,1.5820707707760269,0.03413739469345462,0.26989531080380336,0.22148127128263337
11,geometric_shell,corrupted,0.3,0.5777525539160046,0.5727854974063802,0.5777525539160046,0.19920544835414303,1.5818535197627919,0.03443951494254919,0.2702104919809349,0.22162315550510783
11,vanilla,corrupted,0.4,0.5786038592508513,0.574405622938796,0.5786038592508513,0.1993473325766175,1.5785682201385498,0.03847121713930375,0.27794481260822523,0.22531214528944382
11,hard_map,corrupted,0.4,0.4035187287173666,0.39843750162622066,0.4035187287173666,0.4216799091940976,12.234895706176758,0.2140829448422225,0.4216799121624901,0.4216799091940976
11,tree,corrupted,0.4,0.5769012485811578,0.5720666397421519,0.5769012485811578,0.20005675368898979,1.5857868465141187,0.034315559661333615,0.27079179653575275,0.22417707150964813
11,poincare,corrupted,0.4,0.5774687854710556,0.5722636866326413,0.5774687854710556,0.19877979568671963,1.584936037502959,0.03405399124698435,0.27134591823811494,0.2246027241770715
11,ultrametric,corrupted,0.4,0.5767593643586834,0.571979264911581,0.5767593643586834,0.20090805902383654,1.5842452985704598,0.03404498265567766,0.27198937608170665,0.2231838819523269
11,geometric_shell,corrupted,0.4,0.5767593643586834,0.5719677604555612,0.5767593643586834,0.20076617480136208,1.5839543189333367,0.034195020605429345,0.27222939481110225,0.22261634506242906
23,vanilla,exact,0.0,0.5770431328036323,0.57099933014178,0.5770431328036323,0.20445516458569807,1.580155849456787,0.029933005284885888,0.2780638132815193,0.23155505107832008
23,hard_map,exact,0.0,0.686577752553916,0.6740461104328052,0.686577752553916,0.0,1.0466020107269287,0.02544038618040546,4.642870315222681e-09,0.0
23,tree,exact,0.0,0.6071225879682179,0.6001598894736913,0.6071225879682179,0.15422814982973893,1.4546750633478334,0.03494905138844803,0.22491930368946633,0.1760783200908059
23,poincare,exact,0.0,0.6048524404086265,0.5980181049794313,0.6048524404086265,0.15763337116912599,1.4648990853938024,0.033801112666383575,0.22915637892204044,0.18033484676503972
23,ultrametric,exact,0.0,0.6025822928490352,0.5957647475866756,0.6025822928490352,0.1611804767309875,1.4737674686535145,0.03181102435521139,0.23332922009727847,0.1844494892167991
23,geometric_shell,exact,0.0,0.6017309875141884,0.5950746510782969,0.6017309875141884,0.16245743473325766,1.477670479491701,0.032209885325943745,0.23503330141726764,0.18615209988649262
23,vanilla,predicted,0.0,0.5770431328036323,0.57099933014178,0.5770431328036323,0.20445516458569807,1.580155849456787,0.029933005284885888,0.2780638132815193,0.23155505107832008
23,hard_map,predicted,0.0,0.5288024971623155,0.5222568472661142,0.5288024971623155,0.23198070374574348,7.203545093536377,0.12832946791741723,0.23198070701012952,0.23198070374574348
23,tree,predicted,0.0,0.5784619750283768,0.5718257246738387,0.5784619750283768,0.19665153234960273,1.5779179228338855,0.03251204617158937,0.26175230379400954,0.22162315550510783
23,poincare,predicted,0.0,0.5784619750283768,0.5719399479692181,0.5784619750283768,0.19721906923950056,1.5779776573181152,0.03164144319658687,0.2629466629528972,0.2224744608399546
23,ultrametric,predicted,0.0,0.5783200908059024,0.5716305655110515,0.5783200908059024,0.19807037457434734,1.5776057358611848,0.03221492328918509,0.26423011112193145,0.22290011350737798
23,geometric_shell,predicted,0.0,0.5780363223609535,0.5713247163292683,0.5780363223609535,0.19835414301929624,1.5775751396859097,0.03203453350877267,0.26473748085576115,0.22275822928490352
23,vanilla,missing,0.0,0.5770431328036323,0.57099933014178,0.5770431328036323,0.20445516458569807,1.580155849456787,0.029933005284885888,0.2780638132815193,0.23155505107832008
23,hard_map,missing,0.0,0.5770431328036323,0.57099933014178,0.5770431328036323,0.20445516458569807,1.580155849456787,0.029933005284885888,0.2780638132815193,0.23155505107832008
23,tree,missing,0.0,0.5770431328036323,0.57099933014178,0.5770431328036323,0.20445516458569807,1.5801558165490643,0.029932995886561994,0.2780638131904999,0.23155505107832008
23,poincare,missing,0.0,0.5770431328036323,0.57099933014178,0.5770431328036323,0.20445516458569807,1.580155849456787,0.029933005284885888,0.2780638132815193,0.23155505107832008
23,ultrametric,missing,0.0,0.5770431328036323,0.57099933014178,0.5770431328036323,0.20445516458569807,1.5801558165490643,0.029932995886561994,0.2780638131904999,0.23155505107832008
23,geometric_shell,missing,0.0,0.5770431328036323,0.57099933014178,0.5770431328036323,0.20445516458569807,1.5801558165490643,0.029932995886561994,0.2780638131904999,0.23155505107832008
23,vanilla,corrupted,0.0,0.5770431328036323,0.57099933014178,0.5770431328036323,0.20445516458569807,1.580155849456787,0.029933005284885888,0.2780638132815193,0.23155505107832008
23,hard_map,corrupted,0.0,0.5288024971623155,0.5222568472661142,0.5288024971623155,0.23198070374574348,7.203545093536377,0.12832946791741723,0.23198070701012952,0.23198070374574348
23,tree,corrupted,0.0,0.5784619750283768,0.5718257246738387,0.5784619750283768,0.19665153234960273,1.5779179228338855,0.03251204617158937,0.26175230379400954,0.22162315550510783
23,poincare,corrupted,0.0,0.5784619750283768,0.5719399479692181,0.5784619750283768,0.19721906923950056,1.5779776573181152,0.03164144319658687,0.2629466629528972,0.2224744608399546
23,ultrametric,corrupted,0.0,0.5783200908059024,0.5716305655110515,0.5783200908059024,0.19807037457434734,1.5776057358611848,0.03221492328918509,0.26423011112193145,0.22290011350737798
23,geometric_shell,corrupted,0.0,0.5780363223609535,0.5713247163292683,0.5780363223609535,0.19835414301929624,1.5775751396859097,0.03203453350877267,0.26473748085576115,0.22275822928490352
23,vanilla,corrupted,0.1,0.5770431328036323,0.57099933014178,0.5770431328036323,0.20445516458569807,1.580155849456787,0.029933005284885888,0.2780638132815193,0.23155505107832008
23,hard_map,corrupted,0.1,0.5242622020431328,0.5177253693840743,0.5242622020431328,0.2383654937570942,7.373178958892822,0.13182708200608526,0.23836549701302331,0.2383654937570942
23,tree,corrupted,0.1,0.57761066969353,0.5709641998780367,0.57761066969353,0.1989216799091941,1.5801287022118298,0.03186210701694843,0.263916410463209,0.2224744608399546
23,poincare,corrupted,0.1,0.5774687854710556,0.5707531516677213,0.5774687854710556,0.1989216799091941,1.5800358878889014,0.031847297680396125,0.2649720026995754,0.22360953461975028
23,ultrametric,corrupted,0.1,0.5771850170261067,0.5705192588669322,0.5771850170261067,0.19977298524404086,1.5795513882838255,0.032109417724697616,0.2661093928018531,0.22375141884222474
23,geometric_shell,corrupted,0.1,0.5773269012485811,0.5707222444271776,0.5773269012485811,0.19977298524404086,1.579463762572417,0.031815964236211206,0.2665565553124367,0.22417707150964813
23,vanilla,corrupted,0.2,0.5770431328036323,0.57099933014178,0.5770431328036323,0.20445516458569807,1.580155849456787,0.029933005284885888,0.2780638132815193,0.23155505107832008
23,hard_map,corrupted,0.2,0.5173098751418842,0.5114169993902978,0.5173098751418842,0.2488649262202043,7.650739669799805,0.13735038493987212,0.24886492936619295,0.2488649262202043
23,tree,corrupted,0.2,0.5770431328036323,0.5705221791287521,0.5770431328036323,0.20019863791146425,1.5824632181916929,0.032382506562733726,0.2661738501107021,0.22375141884222474
23,poincare,corrupted,0.2,0.5771850170261067,0.5707468769462913,0.5771850170261067,0.20034052213393871,1.582205206467325,0.030917619740090815,0.267077331506491,0.2243189557321226
23,ultrametric,corrupted,0.2,0.5770431328036323,0.5705720800623182,0.5770431328036323,0.20076617480136208,1.5815910228275905,0.0309844255731714,0.2680583775145312,0.22517026106696936
23,geometric_shell,corrupted,0.2,0.5769012485811578,0.5704970025777389,0.5769012485811578,0.20133371169125994,1.5814405563605662,0.029907059795621294,0.2684408032996519,0.22531214528944382
23,vanilla,corrupted,0.3,0.5770431328036323,0.57099933014178,0.5770431328036323,0.20445516458569807,1.580155849456787,0.029933005284885888,0.2780638132815193,0.23155505107832008
23,hard_map,corrupted,0.3,0.49375709421112374,0.4895819686543843,0.49375709421112374,0.28291713961407494,8.555465698242188,0.15455690420588963,0.28291714292074577,0.28291713961407494
23,tree,corrupted,0.3,0.5756242905788876,0.5691385202975363,0.5756242905788876,0.2021850170261067,1.5849354524190107,0.030688496770329726,0.26853377151143054,0.22587968217934165
23,poincare,corrupted,0.3,0.5759080590238366,0.569480189430782,0.5759080590238366,0.20232690124858116,1.5844971132983863,0.030409386600422434,0.2692697817834646,0.22602156640181612
23,ultrametric,corrupted,0.3,0.5756242905788876,0.5692519407017613,0.5756242905788876,0.20275255391600455,1.5837335621272608,0.029453061732821778,0.2700828261143237,0.2271566401816118
23,geometric_shell,corrupted,0.3,0.5759080590238366,0.5695165657705459,0.5759080590238366,0.20246878547105562,1.5835135700239578,0.029898807624684155,0.2703954078482865,0.22701475595913734
23,vanilla,corrupted,0.4,0.5770431328036323,0.57099933014178,0.5770431328036323,0.20445516458569807,1.580155849456787,0.029933005284885888,0.2780638132815193,0.23155505107832008
23,hard_map,corrupted,0.4,0.4011066969353008,0.39717929262027296,0.4011066969353008,0.42295686719636777,12.27032470703125,0.21767196816970488,0.42295686979265407,0.42295686719636777
23,tree,corrupted,0.4,0.5750567536889898,0.5687273263821867,0.5750567536889898,0.2043132803632236,1.5875614510012643,0.02958938505585474,0.2710065418939635,0.2275822928490352
23,poincare,corrupted,0.4,0.575766174801362,0.5695273094951485,0.575766174801362,0.20374574347332577,1.5869246356433462,0.030268703406624,0.2715573488179026,0.22744040862656073
23,ultrametric,corrupted,0.4,0.5756242905788876,0.5693178205284541,0.5756242905788876,0.20374574347332577,1.5859890379427277,0.030360758150439204,0.27218914770613056,0.22857548240635642
23,geometric_shell,corrupted,0.4,0.5754824063564131,0.569171454652082,0.5754824063564131,0.20388762769580024,1.585691814853418,0.029841574560588693,0.27242611333480926,0.22843359818388195
37,vanilla,exact,0.0,0.5803064699205448,0.5722663550042826,0.5803064699205448,0.2017593643586833,1.5778706073760986,0.032814243326342064,0.27794550411682256,0.23141316685584562
37,hard_map,exact,0.0,0.6875709421112373,0.6740606395921579,0.6875709421112373,0.0,1.0459511280059814,0.027695137726208543,3.89865795139828e-09,0.0
37,tree,exact,0.0,0.610527809307605,0.6027893175867742,0.610527809307605,0.1511066969353008,1.4524669225698854,0.03521247109642408,0.22472510864781972,0.1728149829738933
37,poincare,exact,0.0,0.5996027241770715,0.5915316431900585,0.5996027241770715,0.1685584562996595,1.4982394230713274,0.036501842965623185,0.24448977982333872,0.1942395005675369
37,ultrametric,exact,0.0,0.6064131668558457,0.5984151978770083,0.6064131668558457,0.15749148694665152,1.4715437349234393,0.03656033728434949,0.2331491534109702,0.18132803632236094
37,geometric_shell,exact,0.0,0.6055618615209989,0.597737215630575,0.6055618615209989,0.15876844494892167,1.4754437679830297,0.03569012090623031,0.23485603263743546,0.18388195232690124
37,vanilla,predicted,0.0,0.5803064699205448,0.5722663550042826,0.5803064699205448,0.2017593643586833,1.5778706073760986,0.032814243326342064,0.27794550411682256,0.23141316685584562
37,hard_map,predicted,0.0,0.5266742338251986,0.517118605165132,0.5266742338251986,0.23396708286038592,7.257702827453613,0.12695932407650956,0.23396708592180496,0.23396708286038592
37,tree,predicted,0.0,0.5793132803632236,0.5716785759523015,0.5793132803632236,0.1956583427922815,1.5765026027288889,0.03344464153662441,0.26195453556644044,0.2206299659477866
37,poincare,predicted,0.0,0.5793132803632236,0.5711627479648533,0.5793132803632236,0.19764472190692395,1.5760430097579956,0.03252708830497523,0.26767538557258286,0.22304199772985245
37,ultrametric,predicted,0.0,0.5794551645856981,0.5715026162963712,0.5794551645856981,0.19693530079455165,1.5760492137710045,0.033489951217952986,0.2643833507086541,0.22091373439273554
37,geometric_shell,predicted,0.0,0.5791713961407492,0.5712788873406499,0.5791713961407492,0.19736095346197502,1.5759901817446644,0.03268092444278408,0.26488070528130236,0.2206299659477866
37,vanilla,missing,0.0,0.5803064699205448,0.5722663550042826,0.5803064699205448,0.2017593643586833,1.5778706073760986,0.032814243326342064,0.27794550411682256,0.23141316685584562
37,hard_map,missing,0.0,0.5803064699205448,0.5722663550042826,0.5803064699205448,0.2017593643586833,1.5778706073760986,0.032814243326342064,0.27794550411682256,0.23141316685584562
37,tree,missing,0.0,0.5803064699205448,0.5722663550042826,0.5803064699205448,0.2017593643586833,1.5778706743243627,0.03281425230340371,0.2779455038353199,0.23141316685584562
37,poincare,missing,0.0,0.5803064699205448,0.5722663550042826,0.5803064699205448,0.2017593643586833,1.5778706073760986,0.032814243326342064,0.27794550411682256,0.23141316685584562
37,ultrametric,missing,0.0,0.5803064699205448,0.5722663550042826,0.5803064699205448,0.2017593643586833,1.5778706743243627,0.03281425230340371,0.2779455038353199,0.23141316685584562
37,geometric_shell,missing,0.0,0.5803064699205448,0.5722663550042826,0.5803064699205448,0.2017593643586833,1.5778706743243627,0.03281425230340371,0.2779455038353199,0.23141316685584562
37,vanilla,corrupted,0.0,0.5803064699205448,0.5722663550042826,0.5803064699205448,0.2017593643586833,1.5778706073760986,0.032814243326342064,0.27794550411682256,0.23141316685584562
37,hard_map,corrupted,0.0,0.5266742338251986,0.517118605165132,0.5266742338251986,0.23396708286038592,7.257702827453613,0.12695932407650956,0.23396708592180496,0.23396708286038592
37,tree,corrupted,0.0,0.5793132803632236,0.5716785759523015,0.5793132803632236,0.1956583427922815,1.5765026027288889,0.03344464153662441,0.26195453556644044,0.2206299659477866
37,poincare,corrupted,0.0,0.5793132803632236,0.5711627479648533,0.5793132803632236,0.19764472190692395,1.5760430097579956,0.03252708830497523,0.26767538557258286,0.22304199772985245
37,ultrametric,corrupted,0.0,0.5794551645856981,0.5715026162963712,0.5794551645856981,0.19693530079455165,1.5760492137710045,0.033489951217952986,0.2643833507086541,0.22091373439273554
37,geometric_shell,corrupted,0.0,0.5791713961407492,0.5712788873406499,0.5791713961407492,0.19736095346197502,1.5759901817446644,0.03268092444278408,0.26488070528130236,0.2206299659477866
37,vanilla,corrupted,0.1,0.5803064699205448,0.5722663550042826,0.5803064699205448,0.2017593643586833,1.5778706073760986,0.032814243326342064,0.27794550411682256,0.23141316685584562
37,hard_map,corrupted,0.1,0.5231271282633371,0.5141962810335893,0.5231271282633371,0.23964245175936436,7.406804084777832,0.12900718574588704,0.23964245493918082,0.23964245175936436
37,tree,corrupted,0.1,0.5787457434733257,0.5710286680316349,0.5787457434733257,0.1967934165720772,1.5785106163943272,0.03302187318812909,0.26404789265928125,0.2213393870601589
37,poincare,corrupted,0.1,0.5790295119182747,0.5708077077975785,0.5790295119182747,0.1989216799091941,1.5774192628602877,0.03212669099149161,0.269092762484388,0.22474460839954596
37,ultrametric,corrupted,0.1,0.5780363223609535,0.5701389170071794,0.5780363223609535,0.19863791146424517,1.5778233575143061,0.031788056374887595,0.266202335712373,0.22233257661748013
37,geometric_shell,corrupted,0.1,0.5783200908059024,0.5702094198956748,0.5783200908059024,0.19863791146424517,1.5777136737776072,0.031882377905249844,0.2666416333220357,0.22219069239500566
37,vanilla,corrupted,0.2,0.5803064699205448,0.5722663550042826,0.5803064699205448,0.2017593643586833,1.5778706073760986,0.032814243326342064,0.27794550411682256,0.23141316685584562
37,hard_map,corrupted,0.2,0.5151816118047673,0.5062020374292883,0.5151816118047673,0.2504256526674234,7.695609092712402,0.13474335144702068,0.25042565594872335,0.2504256526674234
37,tree,corrupted,0.2,0.5780363223609535,0.57040588393368,0.5780363223609535,0.19906356413166856,1.5806372063990406,0.03341847925118654,0.26623370445259853,0.2231838819523269
37,poincare,corrupted,0.2,0.5793132803632236,0.5711770277787286,0.5793132803632236,0.19948921679909193,1.5788511991075593,0.032522827807817574,0.2705506809953233,0.22602156640181612
37,ultrametric,corrupted,0.2,0.577894438138479,0.5700069503807921,0.577894438138479,0.19920544835414303,1.5796877259012903,0.03222223992500084,0.26809031670689704,0.22360953461975028
37,geometric_shell,corrupted,0.2,0.5780363223609535,0.570167010314147,0.5780363223609535,0.1993473325766175,1.5795218407657303,0.032513657030559445,0.26846706444521795,0.22417707150964813
37,vanilla,corrupted,0.3,0.5803064699205448,0.5722663550042826,0.5803064699205448,0.2017593643586833,1.5778706073760986,0.032814243326342064,0.27794550411682256,0.23141316685584562
37,hard_map,corrupted,0.3,0.4917707150964813,0.4833934929703545,0.4917707150964813,0.28504540295119185,8.618054389953613,0.15027889491256569,0.2850454060633526,0.28504540295119185
37,tree,corrupted,0.3,0.57761066969353,0.5697817481881284,0.57761066969353,0.20005675368898979,1.5828958642916855,0.03299381241211622,0.2685209230588339,0.22488649262202043
37,poincare,corrupted,0.3,0.5794551645856981,0.5715427949742633,0.5794551645856981,0.20005675368898979,1.5803428716547616,0.03338137218953549,0.27205158481821046,0.2267309875141884
37,ultrametric,corrupted,0.3,0.5783200908059024,0.5704740228554608,0.5783200908059024,0.1996311010215664,1.5816509402859453,0.03322702287034094,0.270052931023585,0.22602156640181612
37,geometric_shell,corrupted,0.3,0.5781782065834279,0.5703509577196049,0.5781782065834279,0.20005675368898979,1.5814224618818318,0.03307043294626124,0.27036207059154777,0.22587968217934165
37,vanilla,corrupted,0.4,0.5803064699205448,0.5722663550042826,0.5803064699205448,0.2017593643586833,1.5778706073760986,0.032814243326342064,0.27794550411682256,0.23141316685584562
37,hard_map,corrupted,0.4,0.4013904653802497,0.3947471525586408,0.4013904653802497,0.42182179341657206,12.245770454406738,0.21199350949761614,0.4218217959367458,0.42182179341657206
37,tree,corrupted,0.4,0.5773269012485811,0.5694844719341234,0.5773269012485811,0.20048240635641318,1.5853020862488278,0.03376583040075768,0.2709196964753845,0.2271566401816118
37,poincare,corrupted,0.4,0.5794551645856981,0.5716559486708388,0.5794551645856981,0.20034052213393871,1.5818985754134938,0.03439538213045127,0.27359811927872746,0.22772417707150966
37,ultrametric,corrupted,0.4,0.57761066969353,0.5697327157343487,0.57761066969353,0.201049943246311,1.5837226999911125,0.03402127567787243,0.27209645205231153,0.22744040862656073
37,geometric_shell,corrupted,0.4,0.5783200908059024,0.5703822026482198,0.5783200908059024,0.20076617480136208,1.5834242517398167,0.03438173697513491,0.2723322744569508,0.22729852440408627
41,vanilla,exact,0.0,0.5766174801362088,0.5735024405412675,0.5766174801362088,0.1996311010215664,1.5795719623565674,0.03192155997646247,0.2781385548167548,0.22956867196367764
41,hard_map,exact,0.0,0.6845913734392736,0.6725942715921959,0.6845913734392736,0.0,1.0458464622497559,0.02515307284900061,3.61957831496413e-09,0.0
41,tree,exact,0.0,0.6047105561861521,0.5986146774873706,0.6047105561861521,0.1525255391600454,1.454134011272167,0.03387033684317751,0.2246990496289882,0.17153802497162315
41,poincare,exact,0.0,0.6020147559591373,0.5964422305692652,0.6020147559591373,0.15635641316685583,1.4642532745097725,0.03292835515419743,0.22897894158358534,0.17622020431328037
41,ultrametric,exact,0.0,0.6004540295119183,0.5949182036210224,0.6004540295119183,0.15961975028376846,1.4732096210271848,0.03259631899708619,0.233147155947818,0.18104426787741204
41,geometric_shell,exact,0.0,0.5988933030646992,0.5935533619170975,0.5988933030646992,0.16146424517593644,1.4771096654906497,0.031807044676016374,0.23485943129628997,0.18345629965947788
41,vanilla,predicted,0.0,0.5766174801362088,0.5735024405412675,0.5766174801362088,0.1996311010215664,1.5795719623565674,0.03192155997646247,0.2781385548167548,0.22956867196367764
41,hard_map,predicted,0.0,0.52894438138479,0.5240325408840367,0.52894438138479,0.23112939841089672,7.175846576690674,0.12711431387025404,0.23112940123552092,0.23112939841089672
41,tree,predicted,0.0,0.5774687854710556,0.5729361134927737,0.5774687854710556,0.1935300794551646,1.5775124922879462,0.03263205481168008,0.261624949257592,0.21835981838819524
41,poincare,predicted,0.0,0.5773269012485811,0.5730951106685077,0.5773269012485811,0.1938138479001135,1.5774801969528198,0.032169241282695674,0.26285199344022864,0.219211123723042
41,ultrametric,predicted,0.0,0.5774687854710556,0.5730354657261065,0.5774687854710556,0.1942395005675369,1.5771619510938937,0.03254854789583929,0.26413548338248605,0.22006242905788875
41,geometric_shell,predicted,0.0,0.5771850170261067,0.5728086568526328,0.5771850170261067,0.19480703745743475,1.5771240666868622,0.03229334290685404,0.2646494531141308,0.21977866061293985
41,vanilla,missing,0.0,0.5766174801362088,0.5735024405412675,0.5766174801362088,0.1996311010215664,1.5795719623565674,0.03192155997646247,0.2781385548167548,0.22956867196367764
41,hard_map,missing,0.0,0.5766174801362088,0.5735024405412675,0.5766174801362088,0.1996311010215664,1.5795719623565674,0.03192155997646247,0.2781385548167548,0.22956867196367764
41,tree,missing,0.0,0.5766174801362088,0.5735024405412675,0.5766174801362088,0.1996311010215664,1.579571990206486,0.03192156594073258,0.27813855472773014,0.22956867196367764
41,poincare,missing,0.0,0.5766174801362088,0.5735024405412675,0.5766174801362088,0.1996311010215664,1.5795719623565674,0.03192155997646247,0.2781385548167548,0.22956867196367764
41,ultrametric,missing,0.0,0.5766174801362088,0.5735024405412675,0.5766174801362088,0.1996311010215664,1.579571990206486,0.03192156594073258,0.27813855472773014,0.22956867196367764
41,geometric_shell,missing,0.0,0.5766174801362088,0.5735024405412675,0.5766174801362088,0.1996311010215664,1.579571990206486,0.03192156594073258,0.27813855472773014,0.22956867196367764
41,vanilla,corrupted,0.0,0.5766174801362088,0.5735024405412675,0.5766174801362088,0.1996311010215664,1.5795719623565674,0.03192155997646247,0.2781385548167548,0.22956867196367764
41,hard_map,corrupted,0.0,0.52894438138479,0.5240325408840367,0.52894438138479,0.23112939841089672,7.175846576690674,0.12711431387025404,0.23112940123552092,0.23112939841089672
41,tree,corrupted,0.0,0.5774687854710556,0.5729361134927737,0.5774687854710556,0.1935300794551646,1.5775124922879462,0.03263205481168008,0.261624949257592,0.21835981838819524
41,poincare,corrupted,0.0,0.5773269012485811,0.5730951106685077,0.5773269012485811,0.1938138479001135,1.5774801969528198,0.032169241282695674,0.26285199344022864,0.219211123723042
41,ultrametric,corrupted,0.0,0.5774687854710556,0.5730354657261065,0.5774687854710556,0.1942395005675369,1.5771619510938937,0.03254854789583929,0.26413548338248605,0.22006242905788875
41,geometric_shell,corrupted,0.0,0.5771850170261067,0.5728086568526328,0.5771850170261067,0.19480703745743475,1.5771240666868622,0.03229334290685404,0.2646494531141308,0.21977866061293985
41,vanilla,corrupted,0.1,0.5766174801362088,0.5735024405412675,0.5766174801362088,0.1996311010215664,1.5795719623565674,0.03192155997646247,0.2781385548167548,0.22956867196367764
41,hard_map,corrupted,0.1,0.523410896708286,0.5184435795701924,0.523410896708286,0.23921679909194096,7.390781402587891,0.13160283553491217,0.23921680184045255,0.23921679909194096
41,tree,corrupted,0.1,0.5770431328036323,0.5726059730930464,0.5770431328036323,0.19480703745743475,1.57967696426391,0.03292761040319292,0.26379952070902085,0.2199205448354143
41,poincare,corrupted,0.1,0.5769012485811578,0.5727693156568588,0.5769012485811578,0.19494892167990918,1.5795141221235194,0.032753763719231735,0.26488477835363106,0.2196367763904654
41,ultrametric,corrupted,0.1,0.5770431328036323,0.5726174358897018,0.5770431328036323,0.19537457434733257,1.5790691685786808,0.03262371490494495,0.2660235268187269,0.22006242905788875
41,geometric_shell,corrupted,0.1,0.5769012485811578,0.5725174719826807,0.5769012485811578,0.19551645856980704,1.578975836409664,0.03241471753983296,0.26647694392481525,0.22077185017026107
41,vanilla,corrupted,0.2,0.5766174801362088,0.5735024405412675,0.5766174801362088,0.1996311010215664,1.5795719623565674,0.03192155997646247,0.2781385548167548,0.22956867196367764
41,hard_map,corrupted,0.2,0.5140465380249716,0.5088033834095543,0.5140465380249716,0.25156072644721905,7.720198631286621,0.1391412101899539,0.2515607291619028,0.25156072644721905
41,tree,corrupted,0.2,0.5764755959137344,0.5721066708693069,0.5764755959137344,0.19551645856980704,1.5819641378603204,0.03222301755731035,0.2660675447222929,0.22148127128263337
41,poincare,corrupted,0.2,0.5763337116912599,0.5722926122963053,0.5763337116912599,0.19580022701475597,1.581659587943448,0.03236924319000979,0.26699756248245987,0.22204880817253123
41,ultrametric,corrupted,0.2,0.5759080590238366,0.5718172730409664,0.5759080590238366,0.19665153234960273,1.5810696698149072,0.03159258445260251,0.26798132386874457,0.22219069239500566
41,geometric_shell,corrupted,0.2,0.575766174801362,0.5716859167761572,0.575766174801362,0.19707718501702612,1.5809151381467705,0.03158953945676618,0.2683696490832457,0.2224744608399546
41,vanilla,corrupted,0.3,0.5766174801362088,0.5735024405412675,0.5766174801362088,0.1996311010215664,1.5795719623565674,0.03192155997646247,0.2781385548167548,0.22956867196367764
41,hard_map,corrupted,0.3,0.494466515323496,0.488788655289878,0.494466515323496,0.28093076049943244,8.501221656799316,0.15241024616120485,0.2809307630196061,0.28093076049943244
41,tree,corrupted,0.3,0.575766174801362,0.5715708580455262,0.575766174801362,0.1967934165720772,1.5843879054750714,0.031755645718850055,0.26843807667300057,0.22290011350737798
41,poincare,corrupted,0.3,0.575766174801362,0.5720952763931031,0.575766174801362,0.19721906923950056,1.5839282052125672,0.031917055425767005,0.2691973919211857,0.2231838819523269
41,ultrametric,corrupted,0.3,0.5751986379114642,0.571206988252196,0.5751986379114642,0.19807037457434734,1.583172331142093,0.031397444342898255,0.2700145811863416,0.2238933030646992
41,geometric_shell,corrupted,0.3,0.5753405221339387,0.5714866104810639,0.5753405221339387,0.1982122587968218,1.5829499809680796,0.03190171352119145,0.270332703688529,0.22375141884222474
41,vanilla,corrupted,0.4,0.5766174801362088,0.5735024405412675,0.5766174801362088,0.1996311010215664,1.5795719623565674,0.03192155997646247,0.2781385548167548,0.22956867196367764
41,hard_map,corrupted,0.4,0.40011350737797957,0.39505443032528587,0.40011350737797957,0.41912599318955734,12.174355506896973,0.21606187052204442,0.41912599521077043,0.41912599318955734
41,tree,corrupted,0.4,0.5746311010215664,0.5706564811187704,0.5746311010215664,0.1984960272417707,1.5869642224045788,0.030541322418251367,0.2709213847099441,0.22446083995459704
41,poincare,corrupted,0.4,0.5747729852440409,0.5712846718901851,0.5747729852440409,0.19807037457434734,1.5863330969489733,0.031153549638429343,0.2714921679926483,0.2246027241770715
41,ultrametric,corrupted,0.4,0.5747729852440409,0.571004610455285,0.5747729852440409,0.19920544835414303,1.585387137891659,0.032538019911651915,0.27212965086091156,0.2250283768444949
41,geometric_shell,corrupted,0.4,0.5749148694665154,0.5711419142331391,0.5749148694665154,0.19920544835414303,1.5850893362624088,0.0323943158674174,0.2723718017867124,0.2250283768444949
53,vanilla,exact,0.0,0.5784619750283768,0.5748878958978887,0.5784619750283768,0.20246878547105562,1.5737289190292358,0.029981720770807536,0.27772037645169745,0.231838819523269
53,hard_map,exact,0.0,0.6827468785471056,0.6714261212983659,0.6827468785471056,0.0,1.0381325483322144,0.025990805879370575,2.976849455297602e-09,0.0
53,tree,exact,0.0,0.6045686719636776,0.5989501074130593,0.6045686719636776,0.1550794551645857,1.4483596699905892,0.029500703478279433,0.22480961664955657,0.17465947786606129
53,poincare,exact,0.0,0.6027241770715096,0.5972423126971964,0.6027241770715096,0.15820090805902384,1.4585779902669638,0.030775036268166432,0.2290387619924634,0.1807604994324631
53,ultrametric,exact,0.0,0.6005959137343927,0.5951424010963036,0.6005959137343927,0.1623155505107832,1.467441446425417,0.02951293378767376,0.2331836127384949,0.184733257661748
53,geometric_shell,exact,0.0,0.6000283768444948,0.5945202297245696,0.6000283768444948,0.16359250851305335,1.4713419694643848,0.029841768599683596,0.23488036479189583,0.1877128263337117
53,vanilla,predicted,0.0,0.5784619750283768,0.5748878958978887,0.5784619750283768,0.20246878547105562,1.5737289190292358,0.029981720770807536,0.27772037645169745,0.231838819523269
53,hard_map,predicted,0.0,0.5293700340522134,0.522488064362312,0.5293700340522134,0.2282917139614075,7.090061187744141,0.1262075288768828,0.22829171630398504,0.2282917139614075
53,tree,predicted,0.0,0.5810158910329172,0.5765687267926485,0.5810158910329172,0.1942395005675369,1.5718755012714867,0.03437407178567458,0.2616311364525649,0.2196367763904654
53,poincare,predicted,0.0,0.5801645856980704,0.5757050560532391,0.5801645856980704,0.19537457434733257,1.5719448328018188,0.033301267742785065,0.26282162352905913,0.22091373439273554
53,ultrametric,predicted,0.0,0.5803064699205448,0.576201180218376,0.5803064699205448,0.19594211123723043,1.5715122908664294,0.03347225002236174,0.264080797813408,0.2224744608399546
53,geometric_shell,predicted,0.0,0.5801645856980704,0.5760948030157006,0.5801645856980704,0.19622587968217933,1.571470925592848,0.03283626602381984,0.2645821330536859,0.2224744608399546
53,vanilla,missing,0.0,0.5784619750283768,0.5748878958978887,0.5784619750283768,0.20246878547105562,1.5737289190292358,0.029981720770807536,0.27772037645169745,0.231838819523269
53,hard_map,missing,0.0,0.5784619750283768,0.5748878958978887,0.5784619750283768,0.20246878547105562,1.5737289190292358,0.029981720770807536,0.27772037645169745,0.231838819523269
53,tree,missing,0.0,0.5784619750283768,0.5748878958978887,0.5784619750283768,0.20246878547105562,1.5737289653485813,0.029981708706955976,0.27772037598197963,0.231838819523269
53,poincare,missing,0.0,0.5784619750283768,0.5748878958978887,0.5784619750283768,0.20246878547105562,1.5737289190292358,0.029981720770807536,0.27772037645169745,0.231838819523269
53,ultrametric,missing,0.0,0.5784619750283768,0.5748878958978887,0.5784619750283768,0.20246878547105562,1.5737289653485813,0.029981708706955976,0.27772037598197963,0.231838819523269
53,geometric_shell,missing,0.0,0.5784619750283768,0.5748878958978887,0.5784619750283768,0.20246878547105562,1.5737289653485813,0.029981708706955976,0.27772037598197963,0.231838819523269
53,vanilla,corrupted,0.0,0.5784619750283768,0.5748878958978887,0.5784619750283768,0.20246878547105562,1.5737289190292358,0.029981720770807536,0.27772037645169745,0.231838819523269
53,hard_map,corrupted,0.0,0.5293700340522134,0.522488064362312,0.5293700340522134,0.2282917139614075,7.090061187744141,0.1262075288768828,0.22829171630398504,0.2282917139614075
53,tree,corrupted,0.0,0.5810158910329172,0.5765687267926485,0.5810158910329172,0.1942395005675369,1.5718755012714867,0.03437407178567458,0.2616311364525649,0.2196367763904654
53,poincare,corrupted,0.0,0.5801645856980704,0.5757050560532391,0.5801645856980704,0.19537457434733257,1.5719448328018188,0.033301267742785065,0.26282162352905913,0.22091373439273554
53,ultrametric,corrupted,0.0,0.5803064699205448,0.576201180218376,0.5803064699205448,0.19594211123723043,1.5715122908664294,0.03347225002236174,0.264080797813408,0.2224744608399546
53,geometric_shell,corrupted,0.0,0.5801645856980704,0.5760948030157006,0.5801645856980704,0.19622587968217933,1.571470925592848,0.03283626602381984,0.2645821330536859,0.2224744608399546
53,vanilla,corrupted,0.1,0.5784619750283768,0.5748878958978887,0.5784619750283768,0.20246878547105562,1.5737289190292358,0.029981720770807536,0.27772037645169745,0.231838819523269
53,hard_map,corrupted,0.1,0.5255391600454029,0.5185820916539551,0.5255391600454029,0.23396708286038592,7.239995956420898,0.12866499344527585,0.23396708509302303,0.23396708286038592
53,tree,corrupted,0.1,0.5807321225879682,0.5765848369440724,0.5807321225879682,0.19537457434733257,1.5740144147366215,0.03415172786133989,0.26374291037707204,0.22204880817253123
53,poincare,corrupted,0.1,0.5800227014755959,0.5757664615221708,0.5800227014755959,0.19580022701475597,1.573914335889058,0.03350159428872683,0.2648009143071585,0.22290011350737798
53,ultrametric,corrupted,0.1,0.5797389330306469,0.5757120427147772,0.5797389330306469,0.1967934165720772,1.5733965829686967,0.03333940517191925,0.2659155500295198,0.2231838819523269
53,geometric_shell,corrupted,0.1,0.5798808172531215,0.5758572940470821,0.5798808172531215,0.19693530079455165,1.5733003313900589,0.032880480891806105,0.2663582694229891,0.22360953461975028
53,vanilla,corrupted,0.2,0.5784619750283768,0.5748878958978887,0.5784619750283768,0.20246878547105562,1.5737289190292358,0.029981720770807536,0.27772037645169745,0.231838819523269
53,hard_map,corrupted,0.2,0.5177355278093076,0.5103837119401315,0.5177355278093076,0.246311010215664,7.567124366760254,0.1342089406503248,0.24631101248212894,0.246311010215664
53,tree,corrupted,0.2,0.5795970488081725,0.5756915124994979,0.5795970488081725,0.19707718501702612,1.5762751175661496,0.0342245433859515,0.2659472567714908,0.22375141884222474
53,poincare,corrupted,0.2,0.5795970488081725,0.5755331746856993,0.5795970488081725,0.19665153234960273,1.5759919471257062,0.03259053838678995,0.266859676810994,0.2250283768444949
53,ultrametric,corrupted,0.2,0.5798808172531215,0.5759171962782144,0.5798808172531215,0.1977866061293984,1.5753732785945511,0.032509776304933444,0.2678193616064015,0.22488649262202043
53,geometric_shell,corrupted,0.2,0.5797389330306469,0.5758539447631349,0.5797389330306469,0.1982122587968218,1.5752164084863727,0.032166653690369224,0.2681989634838429,0.2250283768444949
53,vanilla,corrupted,0.3,0.5784619750283768,0.5748878958978887,0.5784619750283768,0.20246878547105562,1.5737289190292358,0.029981720770807536,0.27772037645169745,0.231838819523269
53,hard_map,corrupted,0.3,0.49460839954597047,0.4884041557659773,0.49460839954597047,0.27993757094211125,8.466683387756348,0.15130650087087397,0.2799375730817218,0.27993757094211125
53,tree,corrupted,0.3,0.5791713961407492,0.5753317757183317,0.5791713961407492,0.1984960272417707,1.5786712083517302,0.03356363498573556,0.2682531460371372,0.22545402951191829
53,poincare,corrupted,0.3,0.5795970488081725,0.575552516670869,0.5795970488081725,0.19807037457434734,1.5781887918411577,0.03326552144674784,0.26900491829491774,0.22687287173666287
53,ultrametric,corrupted,0.3,0.5797389330306469,0.5760580890428987,0.5797389330306469,0.19920544835414303,1.5774510533827029,0.032869326471556416,0.2697978789485057,0.22744040862656073
53,geometric_shell,corrupted,0.3,0.5794551645856981,0.5758080669513335,0.5794551645856981,0.1996311010215664,1.5772269824868106,0.03265225301015129,0.2701092948848067,0.22772417707150966
53,vanilla,corrupted,0.4,0.5784619750283768,0.5748878958978887,0.5784619750283768,0.20246878547105562,1.5737289190292358,0.029981720770807536,0.27772037645169745,0.231838819523269
53,hard_map,corrupted,0.4,0.3957150964812713,0.3926238717350776,0.3957150964812713,0.42522701475595914,12.329894065856934,0.2205416455031896,0.42522701663340395,0.42522701475595914
53,tree,corrupted,0.4,0.5788876276958003,0.5746461954114971,0.5788876276958003,0.20019863791146425,1.5812182975802793,0.03268851653197907,0.2706707490704618,0.22843359818388195
53,poincare,corrupted,0.4,0.5790295119182747,0.5747797432095684,0.5790295119182747,0.20005675368898979,1.5805174429958524,0.033166865591853126,0.27124449990840394,0.22956867196367764
53,ultrametric,corrupted,0.4,0.5787457434733257,0.5748460663549344,0.5787457434733257,0.20076617480136208,1.5796396625291405,0.03318262477834945,0.27185738629369144,0.2292849035187287
53,geometric_shell,corrupted,0.4,0.5787457434733257,0.5748460663549344,0.5787457434733257,0.20076617480136208,1.5793408154321413,0.033218809437254845,0.27209489545405846,0.22942678774120318
67,vanilla,exact,0.0,0.5807321225879682,0.5748934466629435,0.5807321225879682,0.1967934165720772,1.5783586502075195,0.03467774311996041,0.27673829893214746,0.23056186152099886
67,hard_map,exact,0.0,0.681044267877412,0.6675480968134346,0.681044267877412,0.0,1.0492230653762817,0.023560692024471135,4.524472893705162e-09,0.0
67,tree,exact,0.0,0.6062712826333712,0.5987398379910548,0.6062712826333712,0.15394438138479002,1.4535165883634389,0.03256686700927487,0.2236948374135009,0.17451759364358682
67,poincare,exact,0.0,0.6044267877412032,0.5978363498400889,0.6044267877412032,0.15734960272417708,1.4636574196469048,0.03404725335691037,0.22796310831535915,0.1786322360953462
67,ultrametric,exact,0.0,0.6032917139614075,0.5955900622205009,0.6032917139614075,0.15876844494892167,1.4725061640129302,0.03450242777693081,0.2320858950794554,0.18274687854710556
67,geometric_shell,exact,0.0,0.6017309875141884,0.5941827926655883,0.6017309875141884,0.16089670828603858,1.4763884220307149,0.03376363968370912,0.23378629303791565,0.18487514188422247
67,vanilla,predicted,0.0,0.5807321225879682,0.5748934466629435,0.5807321225879682,0.1967934165720772,1.5783586502075195,0.03467774311996041,0.27673829893214746,0.23056186152099886
67,hard_map,predicted,0.0,0.529228149829739,0.5223518958649351,0.529228149829739,0.2304199772985244,7.157410621643066,0.12824747502110334,0.23041998038531433,0.2304199772985244
67,tree,predicted,0.0,0.5794551645856981,0.5724364917420691,0.5794551645856981,0.19168558456299659,1.5763772550294435,0.034969420553987704,0.26048439225949954,0.22020431328036322
67,poincare,predicted,0.0,0.5795970488081725,0.5726039077898163,0.5795970488081725,0.19168558456299659,1.5764586925506592,0.034877922244276965,0.26170368117114334,0.22105561861520998
67,ultrametric,predicted,0.0,0.5795970488081725,0.5726350276787517,0.5795970488081725,0.19168558456299659,1.576023037544888,0.03524572249940526,0.26295394944333794,0.2206299659477866
67,geometric_shell,predicted,0.0,0.5794551645856981,0.5725849533805756,0.5794551645856981,0.19182746878547105,1.5759840282014106,0.03535487030569221,0.2634596050343572,0.2213393870601589
67,vanilla,missing,0.0,0.5807321225879682,0.5748934466629435,0.5807321225879682,0.1967934165720772,1.5783586502075195,0.03467774311996041,0.27673829893214746,0.23056186152099886
67,hard_map,missing,0.0,0.5807321225879682,0.5748934466629435,0.5807321225879682,0.1967934165720772,1.5783586502075195,0.03467774311996041,0.27673829893214746,0.23056186152099886
67,tree,missing,0.0,0.5807321225879682,0.5748934466629435,0.5807321225879682,0.1967934165720772,1.578358599250043,0.03467773584380457,0.2767382988585728,0.23056186152099886
67,poincare,missing,0.0,0.5807321225879682,0.5748934466629435,0.5807321225879682,0.1967934165720772,1.5783586502075195,0.03467774311996041,0.27673829893214746,0.23056186152099886
67,ultrametric,missing,0.0,0.5807321225879682,0.5748934466629435,0.5807321225879682,0.1967934165720772,1.578358599250043,0.03467773584380457,0.2767382988585728,0.23056186152099886
67,geometric_shell,missing,0.0,0.5807321225879682,0.5748934466629435,0.5807321225879682,0.1967934165720772,1.578358599250043,0.03467773584380457,0.2767382988585728,0.23056186152099886
67,vanilla,corrupted,0.0,0.5807321225879682,0.5748934466629435,0.5807321225879682,0.1967934165720772,1.5783586502075195,0.03467774311996041,0.27673829893214746,0.23056186152099886
67,hard_map,corrupted,0.0,0.529228149829739,0.5223518958649351,0.529228149829739,0.2304199772985244,7.157410621643066,0.12824747502110334,0.23041998038531433,0.2304199772985244
67,tree,corrupted,0.0,0.5794551645856981,0.5724364917420691,0.5794551645856981,0.19168558456299659,1.5763772550294435,0.034969420553987704,0.26048439225949954,0.22020431328036322
67,poincare,corrupted,0.0,0.5795970488081725,0.5726039077898163,0.5795970488081725,0.19168558456299659,1.5764586925506592,0.034877922244276965,0.26170368117114334,0.22105561861520998
67,ultrametric,corrupted,0.0,0.5795970488081725,0.5726350276787517,0.5795970488081725,0.19168558456299659,1.576023037544888,0.03524572249940526,0.26295394944333794,0.2206299659477866
67,geometric_shell,corrupted,0.0,0.5794551645856981,0.5725849533805756,0.5794551645856981,0.19182746878547105,1.5759840282014106,0.03535487030569221,0.2634596050343572,0.2213393870601589
67,vanilla,corrupted,0.1,0.5807321225879682,0.5748934466629435,0.5807321225879682,0.1967934165720772,1.5783586502075195,0.03467774311996041,0.27673829893214746,0.23056186152099886
67,hard_map,corrupted,0.1,0.5258229284903518,0.5191943404990976,0.5258229284903518,0.2362372304199773,7.31166410446167,0.13119841241843314,0.2362372335152242,0.2362372304199773
67,tree,corrupted,0.1,0.5786038592508513,0.5715941727904567,0.5786038592508513,0.19324631101021567,1.578361117670338,0.034846236409226426,0.26256513776897394,0.2217650397275823
67,poincare,corrupted,0.1,0.5786038592508513,0.5716538527930125,0.5786038592508513,0.19338819523269013,1.578321384150496,0.034243542223668724,0.26365278292711486,0.22261634506242906
67,ultrametric,corrupted,0.1,0.5788876276958003,0.5718327066244742,0.5788876276958003,0.19338819523269013,1.577777414521893,0.03424943867510056,0.2647630925009699,0.22290011350737798
67,geometric_shell,corrupted,0.1,0.5790295119182747,0.5720066006722128,0.5790295119182747,0.19324631101021567,1.5776886198029927,0.03421226753571334,0.2652112189531413,0.22290011350737798
67,vanilla,corrupted,0.2,0.5807321225879682,0.5748934466629435,0.5807321225879682,0.1967934165720772,1.5783586502075195,0.03467774311996041,0.27673829893214746,0.23056186152099886
67,hard_map,corrupted,0.2,0.5190124858115778,0.5117511222580883,0.5190124858115778,0.2467366628830874,7.59084415435791,0.13573591344092342,0.24673666601216213,0.2467366628830874
67,tree,corrupted,0.2,0.5783200908059024,0.5711422994133766,0.5783200908059024,0.19438138479001135,1.5804628274460302,0.03559090436377123,0.26473934078758693,0.2231838819523269
67,poincare,corrupted,0.2,0.5783200908059024,0.5719910342602855,0.5783200908059024,0.19438138479001135,1.5802927381820473,0.03505358974350556,0.2656822772231043,0.22375141884222474
67,ultrametric,corrupted,0.2,0.5790295119182747,0.5725795210394382,0.5790295119182747,0.19395573212258796,1.579621574550449,0.03430805587614658,0.2666419784066874,0.2238933030646992
67,geometric_shell,corrupted,0.2,0.5790295119182747,0.5726207484070606,0.5790295119182747,0.19452326901248582,1.5794774919494128,0.034116615269885825,0.26702803394837127,0.22375141884222474
67,vanilla,corrupted,0.3,0.5807321225879682,0.5748934466629435,0.5807321225879682,0.1967934165720772,1.5783586502075195,0.03467774311996041,0.27673829893214746,0.23056186152099886
67,hard_map,corrupted,0.3,0.498155505107832,0.4890662348430738,0.498155505107832,0.27780930760499434,8.419307708740234,0.14959868445472368,0.27780931062412856,0.27780930760499434
67,tree,corrupted,0.3,0.57761066969353,0.570836924355289,0.57761066969353,0.19537457434733257,1.582695957430223,0.03528330847962856,0.2670160552639784,0.22488649262202043
67,poincare,corrupted,0.3,0.577894438138479,0.5716320712077553,0.577894438138479,0.1952326901248581,1.5823840509264162,0.03413854502847381,0.2677992301290354,0.22559591373439272
67,ultrametric,corrupted,0.3,0.5786038592508513,0.572376291300164,0.5786038592508513,0.1952326901248581,1.5815641910841178,0.034355289029915824,0.2685963079186045,0.22531214528944382
67,geometric_shell,corrupted,0.3,0.5787457434733257,0.5725979570785832,0.5787457434733257,0.19509080590238365,1.5813584708513684,0.03459322151865984,0.2689151789240554,0.2257377979568672
67,vanilla,corrupted,0.4,0.5807321225879682,0.5748934466629435,0.5807321225879682,0.1967934165720772,1.5783586502075195,0.03467774311996041,0.27673829893214746,0.23056186152099886
67,hard_map,corrupted,0.4,0.40451191827468785,0.3991692031350644,0.40451191827468785,0.4195516458569807,12.180963516235352,0.2161242036248275,0.4195516481149887,0.4195516458569807
67,tree,corrupted,0.4,0.5774687854710556,0.5714001251843488,0.5774687854710556,0.19736095346197502,1.5850760950069929,0.03445369375853557,0.2694055446263932,0.2271566401816118
67,poincare,corrupted,0.4,0.5774687854710556,0.5714941084258461,0.5774687854710556,0.19650964812712826,1.5846082878422545,0.03460145770238353,0.27001156386285974,0.22658910329171397
67,ultrametric,corrupted,0.4,0.57761066969353,0.5716273988740367,0.57761066969353,0.19707718501702612,1.5836150210014188,0.0341521749563915,0.2706324251477834,0.2271566401816118
67,geometric_shell,corrupted,0.4,0.577894438138479,0.5719286059951594,0.577894438138479,0.1967934165720772,1.5833403229395109,0.03449988228581932,0.2708783398680339,0.22687287173666287
71,vanilla,exact,0.0,0.5786038592508513,0.5711409627070863,0.5786038592508513,0.1982122587968218,1.5822327136993408,0.03601284108518978,0.2762517979057774,0.22843359818388195
71,hard_map,exact,0.0,0.6827468785471056,0.6684596584927397,0.6827468785471056,0.0,1.0502386093139648,0.026627667221821052,3.6280352736439527e-09,0.0
71,tree,exact,0.0,0.6065550510783201,0.5976776930732531,0.6065550510783201,0.14912031782065835,1.4575691106972197,0.039619517601882315,0.22347337740891224,0.17125425652667423
71,poincare,exact,0.0,0.5949205448354143,0.5860538066006731,0.5949205448354143,0.1685584562996595,1.5029982843677412,0.03607955338821768,0.24307306253955885,0.19111804767309876
71,ultrametric,exact,0.0,0.6011634506242906,0.5923500198428228,0.6011634506242906,0.1569239500567537,1.4765382831133411,0.03860496244630198,0.23181782461204395,0.18061861520998865
71,geometric_shell,exact,0.0,0.6001702610669694,0.5910802511422023,0.6001702610669694,0.159477866061294,1.4804159964577888,0.03813220032166503,0.23350900893694787,0.18203745743473326
71,vanilla,predicted,0.0,0.5786038592508513,0.5711409627070863,0.5786038592508513,0.1982122587968218,1.5822327136993408,0.03601284108518978,0.2762517979057774,0.22843359818388195
71,hard_map,predicted,0.0,0.5242622020431328,0.5143495455202072,0.5242622020431328,0.2341089670828604,7.262038707733154,0.12788881069930877,0.2341089697806302,0.2341089670828604
71,tree,predicted,0.0,0.5774687854710556,0.5696462861085234,0.5774687854710556,0.19438138479001135,1.5819384495556597,0.0348256714374797,0.2605043109725511,0.2196367763904654
71,poincare,predicted,0.0,0.5784619750283768,0.5710534899952667,0.5784619750283768,0.19509080590238365,1.5809993743896484,0.03473276072567611,0.2661389551980677,0.22446083995459704
71,ultrametric,predicted,0.0,0.577894438138479,0.5700128733715579,0.577894438138479,0.19509080590238365,1.5813055584547877,0.034435793887554425,0.26288974930301306,0.22119750283768444
71,geometric_shell,predicted,0.0,0.5777525539160046,0.5698968108565777,0.5777525539160046,0.1952326901248581,1.5812105601610058,0.03488841520541562,0.26337851949855196,0.22148127128263337
71,vanilla,missing,0.0,0.5786038592508513,0.5711409627070863,0.5786038592508513,0.1982122587968218,1.5822327136993408,0.03601284108518978,0.2762517979057774,0.22843359818388195
71,hard_map,missing,0.0,0.5786038592508513,0.5711409627070863,0.5786038592508513,0.1982122587968218,1.5822327136993408,0.03601284108518978,0.2762517979057774,0.22843359818388195
71,tree,missing,0.0,0.5786038592508513,0.5711409627070863,0.5786038592508513,0.1982122587968218,1.5822326458313105,0.03601284348802317,0.2762517973414173,0.22843359818388195
71,poincare,missing,0.0,0.5786038592508513,0.5711409627070863,0.5786038592508513,0.1982122587968218,1.5822327136993408,0.03601284108518978,0.2762517979057774,0.22843359818388195
71,ultrametric,missing,0.0,0.5786038592508513,0.5711409627070863,0.5786038592508513,0.1982122587968218,1.5822326458313105,0.03601284348802317,0.2762517973414173,0.22843359818388195
71,geometric_shell,missing,0.0,0.5786038592508513,0.5711409627070863,0.5786038592508513,0.1982122587968218,1.5822326458313105,0.03601284348802317,0.2762517973414173,0.22843359818388195
71,vanilla,corrupted,0.0,0.5786038592508513,0.5711409627070863,0.5786038592508513,0.1982122587968218,1.5822327136993408,0.03601284108518978,0.2762517979057774,0.22843359818388195
71,hard_map,corrupted,0.0,0.5242622020431328,0.5143495455202072,0.5242622020431328,0.2341089670828604,7.262038707733154,0.12788881069930877,0.2341089697806302,0.2341089670828604
71,tree,corrupted,0.0,0.5774687854710556,0.5696462861085234,0.5774687854710556,0.19438138479001135,1.5819384495556597,0.0348256714374797,0.2605043109725511,0.2196367763904654
71,poincare,corrupted,0.0,0.5784619750283768,0.5710534899952667,0.5784619750283768,0.19509080590238365,1.5809993743896484,0.03473276072567611,0.2661389551980677,0.22446083995459704
71,ultrametric,corrupted,0.0,0.577894438138479,0.5700128733715579,0.577894438138479,0.19509080590238365,1.5813055584547877,0.034435793887554425,0.26288974930301306,0.22119750283768444
71,geometric_shell,corrupted,0.0,0.5777525539160046,0.5698968108565777,0.5777525539160046,0.1952326901248581,1.5812105601610058,0.03488841520541562,0.26337851949855196,0.22148127128263337
71,vanilla,corrupted,0.1,0.5786038592508513,0.5711409627070863,0.5786038592508513,0.1982122587968218,1.5822327136993408,0.03601284108518978,0.2762517979057774,0.22843359818388195
71,hard_map,corrupted,0.1,0.51972190692395,0.5105027142169178,0.51972190692395,0.24077752553916004,7.439115047454834,0.13156215040167535,0.24077752823692986,0.24077752553916004
71,tree,corrupted,0.1,0.5774687854710556,0.5694524354590537,0.5774687854710556,0.19537457434733257,1.583977401661609,0.034084231209592065,0.2626056372514323,0.2213393870601589
71,poincare,corrupted,0.1,0.57761066969353,0.5703914772777237,0.57761066969353,0.19665153234960273,1.5824269812774985,0.033325314063711885,0.267565030027472,0.22474460839954596
71,ultrametric,corrupted,0.1,0.5773269012485811,0.5694632799620386,0.5773269012485811,0.19580022701475597,1.5831031375929294,0.034699211332644087,0.26471552102268564,0.22304199772985245
71,geometric_shell,corrupted,0.1,0.5771850170261067,0.5693462116748564,0.5771850170261067,0.19608399545970487,1.5829560935782032,0.034038977724014194,0.26514599697285784,0.2238933030646992
71,vanilla,corrupted,0.2,0.5786038592508513,0.5711409627070863,0.5786038592508513,0.1982122587968218,1.5822327136993408,0.03601284108518978,0.2762517979057774,0.22843359818388195
71,hard_map,corrupted,0.2,0.5122020431328036,0.5031635845176686,0.5122020431328036,0.2521282633371169,7.740901470184326,0.1375602890148539,0.2521282658911184,0.2521282633371169
71,tree,corrupted,0.2,0.5767593643586834,0.568781547438789,0.5767593643586834,0.19650964812712826,1.5861338954001958,0.03363171941131253,0.2647995433458057,0.22332576617480135
71,poincare,corrupted,0.2,0.5771850170261067,0.5698816309128736,0.5771850170261067,0.19721906923950056,1.583911551963022,0.033293009759111744,0.26903179716982434,0.22559591373439272
71,ultrametric,corrupted,0.2,0.5764755959137344,0.5686522937216966,0.5764755959137344,0.19721906923950056,1.5849901246537728,0.033692840395289324,0.26661038399330556,0.2246027241770715
71,geometric_shell,corrupted,0.2,0.5766174801362088,0.5690267096518835,0.5766174801362088,0.19750283768444948,1.5847855313279917,0.03314669386680211,0.2669780678110879,0.22488649262202043
71,vanilla,corrupted,0.3,0.5786038592508513,0.5711409627070863,0.5786038592508513,0.1982122587968218,1.5822327136993408,0.03601284108518978,0.2762517979057774,0.22843359818388195
71,hard_map,corrupted,0.3,0.4906356413166856,0.4827961694637606,0.4906356413166856,0.284477866061294,8.602314949035645,0.15072853090273267,0.2844778686322094,0.284477866061294
71,tree,corrupted,0.3,0.5763337116912599,0.5684139124516505,0.5763337116912599,0.19707718501702612,1.5884212638233213,0.03370381144032737,0.26709491665705637,0.22531214528944382
71,poincare,corrupted,0.3,0.5770431328036323,0.5698753910616616,0.5770431328036323,0.19736095346197502,1.5854570923224474,0.034283353010933826,0.2705416900198328,0.22701475595913734
71,ultrametric,corrupted,0.3,0.5764755959137344,0.5689890542812464,0.5764755959137344,0.19807037457434734,1.5869750457335785,0.033479430806833126,0.2685799440601702,0.2264472190692395
71,geometric_shell,corrupted,0.3,0.5766174801362088,0.5690473013557984,0.5766174801362088,0.1977866061293984,1.5867065677183685,0.033321101957953604,0.268879777275442,0.2264472190692395
71,vanilla,corrupted,0.4,0.5786038592508513,0.5711409627070863,0.5786038592508513,0.1982122587968218,1.5822327136993408,0.03601284108518978,0.2762517979057774,0.22843359818388195
71,hard_map,corrupted,0.4,0.4013904653802497,0.3943832903029207,0.4013904653802497,0.4209704880817253,12.219632148742676,0.21178630804357612,0.4209704902128789,0.4209704880817253
71,tree,corrupted,0.4,0.575766174801362,0.5682208978003158,0.575766174801362,0.1989216799091941,1.5908548320654123,0.03293135006535271,0.26950184922616455,0.22800794551645856
71,poincare,corrupted,0.4,0.5764755959137344,0.5693784469985368,0.5764755959137344,0.19835414301929624,1.5870680082021955,0.03382503273593773,0.27209734437021144,0.22814982973893302
71,ultrametric,corrupted,0.4,0.5761918274687855,0.5688601127434605,0.5761918274687855,0.19877979568671963,1.589067498377501,0.03290856691823778,0.270630448192965,0.22729852440408627
71,geometric_shell,corrupted,0.4,0.5763337116912599,0.5690452278997786,0.5763337116912599,0.19863791146424517,1.588727826886709,0.03324944170313874,0.2708567258459487,0.22729852440408627
83,vanilla,exact,0.0,0.5788876276958003,0.5721328785153458,0.5788876276958003,0.2017593643586833,1.580685019493103,0.027950933590007016,0.2776213559775564,0.2304199772985244
83,hard_map,exact,0.0,0.688422247446084,0.6739366558026534,0.688422247446084,0.0,1.048699140548706,0.02703752367420039,4.2453932572710125e-09,0.0
83,tree,exact,0.0,0.6071225879682179,0.5988759417753177,0.6071225879682179,0.15479568671963678,1.4554142185817638,0.033049466297199,0.22451586368586884,0.17423382519863792
83,poincare,exact,0.0,0.60527809307605,0.5972078458406564,0.60527809307605,0.1583427922814983,1.4657220789975114,0.033414264643536466,0.22872739721386626,0.17806469920544835
83,ultrametric,exact,0.0,0.6025822928490352,0.5946829968459927,0.6025822928490352,0.16217366628830873,1.4744728421707471,0.030985901092963942,0.23292176449672158,0.1840238365493757
83,geometric_shell,exact,0.0,0.6017309875141884,0.593961286290366,0.6017309875141884,0.16387627695800228,1.4783690546074242,0.03180295230294047,0.23462494304865555,0.1855845629965948
83,vanilla,predicted,0.0,0.5788876276958003,0.5721328785153458,0.5788876276958003,0.2017593643586833,1.580685019493103,0.027950933590007016,0.2776213559775564,0.2304199772985244
83,hard_map,predicted,0.0,0.52894438138479,0.52117892496272,0.52894438138479,0.23453461975028378,7.271065711975098,0.1252398588879628,0.23453462359819996,0.23453461975028378
83,tree,predicted,0.0,0.5800227014755959,0.5729919787475221,0.5800227014755959,0.19608399545970487,1.579002309817984,0.032448662365018276,0.2614219689034325,0.2206299659477866
83,poincare,predicted,0.0,0.5801645856980704,0.5731904284422531,0.5801645856980704,0.19693530079455165,1.5791672468185425,0.0311991878363402,0.2626132857599946,0.22148127128263337
83,ultrametric,predicted,0.0,0.5793132803632236,0.5724946525300998,0.5793132803632236,0.19764472190692395,1.5785941803150263,0.02966420595402254,0.2638804329760124,0.22190692395005676
83,geometric_shell,predicted,0.0,0.5793132803632236,0.5723006814426023,0.5793132803632236,0.19792849035187288,1.5785445114309518,0.02909516318259488,0.264383927265881,0.22219069239500566
83,vanilla,missing,0.0,0.5788876276958003,0.5721328785153458,0.5788876276958003,0.2017593643586833,1.580685019493103,0.027950933590007016,0.2776213559775564,0.2304199772985244
83,hard_map,missing,0.0,0.5788876276958003,0.5721328785153458,0.5788876276958003,0.2017593643586833,1.580685019493103,0.027950933590007016,0.2776213559775564,0.2304199772985244
83,tree,missing,0.0,0.5788876276958003,0.5721328785153458,0.5788876276958003,0.2017593643586833,1.5806850911008927,0.02795094173458678,0.27762135518254133,0.2304199772985244
83,poincare,missing,0.0,0.5788876276958003,0.5721328785153458,0.5788876276958003,0.2017593643586833,1.580685019493103,0.027950933590007016,0.2776213559775564,0.2304199772985244
83,ultrametric,missing,0.0,0.5788876276958003,0.5721328785153458,0.5788876276958003,0.2017593643586833,1.5806850911008927,0.02795094173458678,0.27762135518254133,0.2304199772985244
83,geometric_shell,missing,0.0,0.5788876276958003,0.5721328785153458,0.5788876276958003,0.2017593643586833,1.5806850911008927,0.02795094173458678,0.27762135518254133,0.2304199772985244
83,vanilla,corrupted,0.0,0.5788876276958003,0.5721328785153458,0.5788876276958003,0.2017593643586833,1.580685019493103,0.027950933590007016,0.2776213559775564,0.2304199772985244
83,hard_map,corrupted,0.0,0.52894438138479,0.52117892496272,0.52894438138479,0.23453461975028378,7.271065711975098,0.1252398588879628,0.23453462359819996,0.23453461975028378
83,tree,corrupted,0.0,0.5800227014755959,0.5729919787475221,0.5800227014755959,0.19608399545970487,1.579002309817984,0.032448662365018276,0.2614219689034325,0.2206299659477866
83,poincare,corrupted,0.0,0.5801645856980704,0.5731904284422531,0.5801645856980704,0.19693530079455165,1.5791672468185425,0.0311991878363402,0.2626132857599946,0.22148127128263337
83,ultrametric,corrupted,0.0,0.5793132803632236,0.5724946525300998,0.5793132803632236,0.19764472190692395,1.5785941803150263,0.02966420595402254,0.2638804329760124,0.22190692395005676
83,geometric_shell,corrupted,0.0,0.5793132803632236,0.5723006814426023,0.5793132803632236,0.19792849035187288,1.5785445114309518,0.02909516318259488,0.264383927265881,0.22219069239500566
83,vanilla,corrupted,0.1,0.5788876276958003,0.5721328785153458,0.5788876276958003,0.2017593643586833,1.580685019493103,0.027950933590007016,0.2776213559775564,0.2304199772985244
83,hard_map,corrupted,0.1,0.5248297389330306,0.5164883840476004,0.5248297389330306,0.24077752553916004,7.43692684173584,0.128025544217442,0.24077752934479146,0.24077752553916004
83,tree,corrupted,0.1,0.5791713961407492,0.5721136164929982,0.5791713961407492,0.19764472190692395,1.5809926030117447,0.029928981054081847,0.26350149533391287,0.2217650397275823
83,poincare,corrupted,0.1,0.5794551645856981,0.572558872085923,0.5794551645856981,0.19835414301929624,1.5809877833934307,0.030464845678127496,0.2645615512504929,0.2224744608399546
83,ultrametric,corrupted,0.1,0.5790295119182747,0.5721752802620784,0.5790295119182747,0.1989216799091941,1.5803561529958596,0.028024934526283338,0.2656888353434782,0.2231838819523269
83,geometric_shell,corrupted,0.1,0.5790295119182747,0.5721872444720809,0.5790295119182747,0.19906356413166856,1.580256841929127,0.02746416398458149,0.2661348915595982,0.22403518728717367
83,vanilla,corrupted,0.2,0.5788876276958003,0.5721328785153458,0.5788876276958003,0.2017593643586833,1.580685019493103,0.027950933590007016,0.2776213559775564,0.2304199772985244
83,hard_map,corrupted,0.2,0.5168842224744609,0.509079194095198,0.5168842224744609,0.2514188422247446,7.721959114074707,0.13450222102994952,0.2514188459965482,0.2514188422247446
83,tree,corrupted,0.2,0.5787457434733257,0.571885165209493,0.5787457434733257,0.19906356413166856,1.583103161075311,0.029933640261782444,0.2656745568443846,0.22332576617480135
83,poincare,corrupted,0.2,0.5790295119182747,0.5721235586087231,0.5790295119182747,0.19920544835414303,1.5829157372712268,0.02962420847389286,0.26659000322595733,0.22446083995459704
83,ultrametric,corrupted,0.2,0.5791713961407492,0.5722914756884452,0.5791713961407492,0.19920544835414303,1.5822096839884177,0.029121555110174724,0.267567055249949,0.2250283768444949
83,geometric_shell,corrupted,0.2,0.5790295119182747,0.5722270458885785,0.5790295119182747,0.19948921679909193,1.5820551083497112,0.027408260103498637,0.2679511306418316,0.22531214528944382
83,vanilla,corrupted,0.3,0.5788876276958003,0.5721328785153458,0.5788876276958003,0.2017593643586833,1.580685019493103,0.027950933590007016,0.2776213559775564,0.2304199772985244
83,hard_map,corrupted,0.3,0.4964528944381385,0.48773155975893795,0.4964528944381385,0.2817820658342792,8.529515266418457,0.14679015565887685,0.28178206926780447,0.2817820658342792
83,tree,corrupted,0.3,0.5784619750283768,0.5716175191901812,0.5784619750283768,0.20005675368898979,1.5853476669902333,0.029042463789228867,0.26795017450038294,0.22587968217934165
83,poincare,corrupted,0.3,0.5788876276958003,0.5720235353823261,0.5788876276958003,0.19948921679909193,1.584962383510726,0.029149533293173366,0.26870567253993544,0.22658910329171397
83,ultrametric,corrupted,0.3,0.5790295119182747,0.5721900147824488,0.5790295119182747,0.1993473325766175,1.5841635284694027,0.028541991028828387,0.2695207822140658,0.22658910329171397
83,geometric_shell,corrupted,0.3,0.5794551645856981,0.5725506249144541,0.5794551645856981,0.19906356413166856,1.5839472126017138,0.028845451851522087,0.2698377649762806,0.2264472190692395
83,vanilla,corrupted,0.4,0.5788876276958003,0.5721328785153458,0.5788876276958003,0.2017593643586833,1.580685019493103,0.027950933590007016,0.2776213559775564,0.2304199772985244
83,hard_map,corrupted,0.4,0.4072077185017026,0.40148823080703255,0.4072077185017026,0.4162883087400681,12.096653938293457,0.20919187268438863,0.41628831120950005,0.4162883087400681
83,tree,corrupted,0.4,0.577894438138479,0.5711796361025409,0.577894438138479,0.20090805902383654,1.587741860344697,0.027190074384478662,0.27033859260788445,0.22744040862656073
83,poincare,corrupted,0.4,0.5784619750283768,0.5715899092759892,0.5784619750283768,0.20034052213393871,1.587140492296151,0.028112675255539017,0.2709164563984944,0.22800794551645856
83,ultrametric,corrupted,0.4,0.5787457434733257,0.5720262243342399,0.5787457434733257,0.20034052213393871,1.586227547572975,0.02856578153577425,0.27155635660889677,0.2271566401816118
83,geometric_shell,corrupted,0.4,0.5790295119182747,0.5723262639646903,0.5790295119182747,0.20019863791146425,1.585942016341494,0.029316351189594567,0.2718004786414475,0.2275822928490352
97,vanilla,exact,0.0,0.5807321225879682,0.5758742242876076,0.5807321225879682,0.2036038592508513,1.5784032344818115,0.03614470216727874,0.2795947055405304,0.23198070374574348
97,hard_map,exact,0.0,0.6879965947786606,0.6756256612325472,0.6879965947786606,0.0,1.044984221458435,0.027621648978403898,4.507558976345517e-09,0.0
97,tree,exact,0.0,0.6078320090805902,0.6004840673376911,0.6078320090805902,0.15550510783200908,1.452318340978206,0.03517656343515844,0.22582378726191102,0.17508513053348468
97,poincare,exact,0.0,0.606838819523269,0.5994684983117595,0.606838819523269,0.15848467650397277,1.4625059266971465,0.03670683825641184,0.23009731926402385,0.17990919409761635
97,ultrametric,exact,0.0,0.6037173666288309,0.5958431997965374,0.6037173666288309,0.16259931895573213,1.4714901049853781,0.03400164077827301,0.23432995147155328,0.18359818388195231
97,geometric_shell,exact,0.0,0.6103859250851306,0.6029272985693667,0.6103859250851306,0.15053916004540296,1.4411527570955152,0.03618778967613022,0.220810999154024,0.16912599318955732
97,vanilla,predicted,0.0,0.5807321225879682,0.5758742242876076,0.5807321225879682,0.2036038592508513,1.5784032344818115,0.03614470216727874,0.2795947055405304,0.23198070374574348
97,hard_map,predicted,0.0,0.5320658342792282,0.5256077794476913,0.5320658342792282,0.2308456299659478,7.166708469390869,0.12867444318959173,0.23084563362781088,0.2308456299659478
97,tree,predicted,0.0,0.5814415437003405,0.5759352394916142,0.5814415437003405,0.19466515323496028,1.5750485029087065,0.036916946743459286,0.26269503393219035,0.2217650397275823
97,poincare,predicted,0.0,0.581583427922815,0.5760508751192567,0.581583427922815,0.19537457434733257,1.5751476287841797,0.03610905506737979,0.2639167922190586,0.2213393870601589
97,ultrametric,predicted,0.0,0.5807321225879682,0.5756132430477072,0.5807321225879682,0.19665153234960273,1.574902934537923,0.035503736115848956,0.26526480474667713,0.22304199772985245
97,geometric_shell,predicted,0.0,0.5812996594778661,0.5755101285849709,0.5812996594778661,0.19494892167990918,1.575264791835103,0.03713856582437618,0.26120185224324366,0.22119750283768444
97,vanilla,missing,0.0,0.5807321225879682,0.5758742242876076,0.5807321225879682,0.2036038592508513,1.5784032344818115,0.03614470216727874,0.2795947055405304,0.23198070374574348
97,hard_map,missing,0.0,0.5807321225879682,0.5758742242876076,0.5807321225879682,0.2036038592508513,1.5784032344818115,0.03614470216727874,0.2795947055405304,0.23198070374574348
97,tree,missing,0.0,0.5807321225879682,0.5758742242876076,0.5807321225879682,0.2036038592508513,1.578403283092045,0.03614469293756547,0.27959470489018534,0.23198070374574348
97,poincare,missing,0.0,0.5807321225879682,0.5758742242876076,0.5807321225879682,0.2036038592508513,1.5784032344818115,0.03614470216727874,0.2795947055405304,0.23198070374574348
97,ultrametric,missing,0.0,0.5807321225879682,0.5758742242876076,0.5807321225879682,0.2036038592508513,1.578403283092045,0.03614469293756547,0.27959470489018534,0.23198070374574348
97,geometric_shell,missing,0.0,0.5807321225879682,0.5758742242876076,0.5807321225879682,0.2036038592508513,1.578403283092045,0.03614469293756547,0.27959470489018534,0.23198070374574348
97,vanilla,corrupted,0.0,0.5807321225879682,0.5758742242876076,0.5807321225879682,0.2036038592508513,1.5784032344818115,0.03614470216727874,0.2795947055405304,0.23198070374574348
97,hard_map,corrupted,0.0,0.5320658342792282,0.5256077794476913,0.5320658342792282,0.2308456299659478,7.166708469390869,0.12867444318959173,0.23084563362781088,0.2308456299659478
97,tree,corrupted,0.0,0.5814415437003405,0.5759352394916142,0.5814415437003405,0.19466515323496028,1.5750485029087065,0.036916946743459286,0.26269503393219035,0.2217650397275823
97,poincare,corrupted,0.0,0.581583427922815,0.5760508751192567,0.581583427922815,0.19537457434733257,1.5751476287841797,0.03610905506737979,0.2639167922190586,0.2213393870601589
97,ultrametric,corrupted,0.0,0.5807321225879682,0.5756132430477072,0.5807321225879682,0.19665153234960273,1.574902934537923,0.035503736115848956,0.26526480474667713,0.22304199772985245
97,geometric_shell,corrupted,0.0,0.5812996594778661,0.5755101285849709,0.5812996594778661,0.19494892167990918,1.575264791835103,0.03713856582437618,0.26120185224324366,0.22119750283768444
97,vanilla,corrupted,0.1,0.5807321225879682,0.5758742242876076,0.5807321225879682,0.2036038592508513,1.5784032344818115,0.03614470216727874,0.2795947055405304,0.23198070374574348
97,hard_map,corrupted,0.1,0.5290862656072645,0.5225015525120512,0.5290862656072645,0.23595346197502837,7.301465034484863,0.1311212290949468,0.2359534655523219,0.23595346197502837
97,tree,corrupted,0.1,0.5808740068104427,0.5755646348991826,0.5808740068104427,0.19594211123723043,1.5772990900477593,0.037511506262905406,0.2648639019642473,0.22304199772985245
97,poincare,corrupted,0.1,0.5805902383654937,0.5751505507049766,0.5805902383654937,0.19736095346197502,1.5772242702757688,0.03659202452959843,0.2659511816173276,0.22332576617480135
97,ultrametric,corrupted,0.1,0.5801645856980704,0.575087951817294,0.5801645856980704,0.19835414301929624,1.5768878268744508,0.037021728073223986,0.2671504491534141,0.22488649262202043
97,geometric_shell,corrupted,0.1,0.5808740068104427,0.5751270862706487,0.5808740068104427,0.19551645856980704,1.5776592124461588,0.036689824618999334,0.26352787880810796,0.2217650397275823
97,vanilla,corrupted,0.2,0.5807321225879682,0.5758742242876076,0.5807321225879682,0.2036038592508513,1.5784032344818115,0.03614470216727874,0.2795947055405304,0.23198070374574348
97,hard_map,corrupted,0.2,0.5219920544835415,0.5152349407709675,0.5219920544835415,0.24588535754824065,7.566833019256592,0.1364671170867971,0.24588536104096456,0.24588535754824065
97,tree,corrupted,0.2,0.5798808172531215,0.5748300771860837,0.5798808172531215,0.19807037457434734,1.5796786894856212,0.035899265989601886,0.26712928917385403,0.22517026106696936
97,poincare,corrupted,0.2,0.5803064699205448,0.5752005625589032,0.5803064699205448,0.19877979568671963,1.5794168339142636,0.03689877411019651,0.268068651431323,0.22587968217934165
97,ultrametric,corrupted,0.2,0.5801645856980704,0.5752001263561695,0.5801645856980704,0.1993473325766175,1.5789707670174034,0.036813611147467125,0.2691081285865592,0.22616345062429058
97,geometric_shell,corrupted,0.2,0.5804483541430193,0.5751522206300704,0.5804483541430193,0.19707718501702612,1.5802014568233915,0.03755039134139391,0.26596571685738274,0.22417707150964813
97,vanilla,corrupted,0.3,0.5807321225879682,0.5758742242876076,0.5807321225879682,0.2036038592508513,1.5784032344818115,0.03614470216727874,0.2795947055405304,0.23198070374574348
97,hard_map,corrupted,0.3,0.49900681044267875,0.49307816415978006,0.49900681044267875,0.27880249716231553,8.44400691986084,0.15181182295709816,0.2788025004351586,0.27880249716231553
97,tree,corrupted,0.3,0.5794551645856981,0.5745950796545692,0.5794551645856981,0.20034052213393871,1.5822018582673203,0.03693567881474302,0.26950051566266997,0.22772417707150966
97,poincare,corrupted,0.3,0.5803064699205448,0.5751731029813947,0.5803064699205448,0.19920544835414303,1.5817371938545095,0.03749540528569216,0.2702764814002197,0.2282917139614075
97,ultrametric,corrupted,0.3,0.5801645856980704,0.5750124587678441,0.5801645856980704,0.19991486946651532,1.5811610496632134,0.03809798173796234,0.2711437141910972,0.22800794551645856
97,geometric_shell,corrupted,0.3,0.5797389330306469,0.5747305994958308,0.5797389330306469,0.1989216799091941,1.5829097806198908,0.036684062507985254,0.2685271504463756,0.22729852440408627
97,vanilla,corrupted,0.4,0.5807321225879682,0.5758742242876076,0.5807321225879682,0.2036038592508513,1.5784032344818115,0.03614470216727874,0.2795947055405304,0.23198070374574348
97,hard_map,corrupted,0.4,0.40451191827468785,0.39931176994311623,0.40451191827468785,0.4198354143019296,12.186555862426758,0.2191104200477294,0.4198354169743286,0.4198354143019296
97,tree,corrupted,0.4,0.5790295119182747,0.5740743690224606,0.5790295119182747,0.20119182746878547,1.5848853032584227,0.037742242936220506,0.27198814992211057,0.22871736662883088
97,poincare,corrupted,0.4,0.5794551645856981,0.5745231254808227,0.5794551645856981,0.20090805902383654,1.5841989093551214,0.036555386103799124,0.2725828358041842,0.22885925085130535
97,ultrametric,corrupted,0.4,0.5800227014755959,0.5748399390151551,0.5800227014755959,0.20076617480136208,1.583469125285846,0.038352864819733934,0.2732637410589647,0.2297105561861521
97,geometric_shell,corrupted,0.4,0.5787457434733257,0.5739751915460657,0.5787457434733257,0.20133371169125994,1.5858053851057714,0.0368867892430001,0.2712256853287818,0.22885925085130535
109,vanilla,exact,0.0,0.5832860385925085,0.5773055851737082,0.5832860385925085,0.1967934165720772,1.5812764167785645,0.03665345511214215,0.27533250289390904,0.22857548240635642
109,hard_map,exact,0.0,0.688422247446084,0.6746038184470368,0.688422247446084,0.0,1.0508437156677246,0.030080287090410707,4.118538877073671e-09,0.0
109,tree,exact,0.0,0.6089670828603859,0.6016944178888107,0.6089670828603859,0.1518161180476731,1.4570197936452378,0.03546451619864293,0.22276147845182845,0.17267309875141884
109,poincare,exact,0.0,0.5993189557321226,0.593130162296285,0.5993189557321226,0.16827468785471056,1.502273195989543,0.035822066227979246,0.2422607464531321,0.19509080590238365
109,ultrametric,exact,0.0,0.6040011350737798,0.597577133007376,0.6040011350737798,0.16047105561861522,1.4759282853482534,0.03307538867485294,0.2310732174696286,0.18274687854710556
109,geometric_shell,exact,0.0,0.6032917139614075,0.5969613195412807,0.6032917139614075,0.16146424517593644,1.4797935331252792,0.033702344355726235,0.23275774170034624,0.1858683314415437
109,vanilla,predicted,0.0,0.5832860385925085,0.5773055851737082,0.5832860385925085,0.1967934165720772,1.5812764167785645,0.03665345511214215,0.27533250289390904,0.22857548240635642
109,hard_map,predicted,0.0,0.5290862656072645,0.5216460496999363,0.5290862656072645,0.233683314415437,7.252249240875244,0.12424601879600906,0.2336833182041545,0.233683314415437
109,tree,predicted,0.0,0.5822928490351873,0.576372957288015,0.5822928490351873,0.19225312145289444,1.5807804007165127,0.03530915702477707,0.2595915238861716,0.21736662883087401
109,poincare,predicted,0.0,0.5831441543700341,0.5773235251270983,0.5831441543700341,0.1938138479001135,1.579905390739441,0.036455039016344296,0.26521181908016445,0.22119750283768444
109,ultrametric,predicted,0.0,0.5827185017026106,0.5767640290698975,0.5827185017026106,0.19225312145289444,1.580192588707875,0.03645891271683741,0.26197900025770715,0.2196367763904654
109,geometric_shell,predicted,0.0,0.5828603859250852,0.5768502426898465,0.5828603859250852,0.19253688989784337,1.5801061148682123,0.03708051963488061,0.26246803675279307,0.21935300794551646
109,vanilla,missing,0.0,0.5832860385925085,0.5773055851737082,0.5832860385925085,0.1967934165720772,1.5812764167785645,0.03665345511214215,0.27533250289390904,0.22857548240635642
109,hard_map,missing,0.0,0.5832860385925085,0.5773055851737082,0.5832860385925085,0.1967934165720772,1.5812764167785645,0.03665345511214215,0.27533250289390904,0.22857548240635642
109,tree,missing,0.0,0.5832860385925085,0.5773055851737082,0.5832860385925085,0.1967934165720772,1.5812764740611949,0.036653457596373756,0.275332502285505,0.22857548240635642
109,poincare,missing,0.0,0.5832860385925085,0.5773055851737082,0.5832860385925085,0.1967934165720772,1.5812764167785645,0.03665345511214215,0.27533250289390904,0.22857548240635642
109,ultrametric,missing,0.0,0.5832860385925085,0.5773055851737082,0.5832860385925085,0.1967934165720772,1.5812764740611949,0.036653457596373756,0.275332502285505,0.22857548240635642
109,geometric_shell,missing,0.0,0.5832860385925085,0.5773055851737082,0.5832860385925085,0.1967934165720772,1.5812764740611949,0.036653457596373756,0.275332502285505,0.22857548240635642
109,vanilla,corrupted,0.0,0.5832860385925085,0.5773055851737082,0.5832860385925085,0.1967934165720772,1.5812764167785645,0.03665345511214215,0.27533250289390904,0.22857548240635642
109,hard_map,corrupted,0.0,0.5290862656072645,0.5216460496999363,0.5290862656072645,0.233683314415437,7.252249240875244,0.12424601879600906,0.2336833182041545,0.233683314415437
109,tree,corrupted,0.0,0.5822928490351873,0.576372957288015,0.5822928490351873,0.19225312145289444,1.5807804007165127,0.03530915702477707,0.2595915238861716,0.21736662883087401
109,poincare,corrupted,0.0,0.5831441543700341,0.5773235251270983,0.5831441543700341,0.1938138479001135,1.579905390739441,0.036455039016344296,0.26521181908016445,0.22119750283768444
109,ultrametric,corrupted,0.0,0.5827185017026106,0.5767640290698975,0.5827185017026106,0.19225312145289444,1.580192588707875,0.03645891271683741,0.26197900025770715,0.2196367763904654
109,geometric_shell,corrupted,0.0,0.5828603859250852,0.5768502426898465,0.5828603859250852,0.19253688989784337,1.5801061148682123,0.03708051963488061,0.26246803675279307,0.21935300794551646
109,vanilla,corrupted,0.1,0.5832860385925085,0.5773055851737082,0.5832860385925085,0.1967934165720772,1.5812764167785645,0.03665345511214215,0.27533250289390904,0.22857548240635642
109,hard_map,corrupted,0.1,0.5249716231555052,0.5177091153556894,0.5249716231555052,0.24006810442678775,7.4206743240356445,0.12803861129263608,0.2400681080971078,0.24006810442678775
109,tree,corrupted,0.1,0.5812996594778661,0.5752545879138812,0.5812996594778661,0.19409761634506242,1.5827825090720944,0.03612051191991951,0.261690402476073,0.22006242905788875
109,poincare,corrupted,0.1,0.5824347332576617,0.5766199443415002,0.5824347332576617,0.19452326901248582,1.5812923992057935,0.03629835149956264,0.2666326587442987,0.22162315550510783
109,ultrametric,corrupted,0.1,0.5827185017026106,0.5767963589273614,0.5827185017026106,0.1935300794551646,1.5819576878732873,0.03665839744311788,0.2638018093859892,0.22105561861520998
109,geometric_shell,corrupted,0.1,0.5828603859250852,0.576965692968145,0.5828603859250852,0.1935300794551646,1.5818201049014713,0.03744824425518596,0.264232487246587,0.22105561861520998
109,vanilla,corrupted,0.2,0.5832860385925085,0.5773055851737082,0.5832860385925085,0.1967934165720772,1.5812764167785645,0.03665345511214215,0.27533250289390904,0.22857548240635642
109,hard_map,corrupted,0.2,0.5173098751418842,0.5110332938077721,0.5173098751418842,0.2521282633371169,7.738186836242676,0.1334303010965483,0.25212826703280783,0.2521282633371169
109,tree,corrupted,0.2,0.5820090805902384,0.5760972347251846,0.5820090805902384,0.1942395005675369,1.5849005531705356,0.03666534562753719,0.26388115957432845,0.22162315550510783
109,poincare,corrupted,0.2,0.5822928490351873,0.5766638870512323,0.5822928490351873,0.19509080590238365,1.582734128944871,0.036712765480340165,0.26809379785481047,0.22332576617480135
109,ultrametric,corrupted,0.2,0.5821509648127128,0.5762440380298007,0.5821509648127128,0.19494892167990918,1.5838109531238937,0.03729528257846848,0.26569319933807,0.22190692395005676
109,geometric_shell,corrupted,0.2,0.5821509648127128,0.5762429982375242,0.5821509648127128,0.1952326901248581,1.5836168299890159,0.03682933044332998,0.2660610557989326,0.22233257661748013
109,vanilla,corrupted,0.3,0.5832860385925085,0.5773055851737082,0.5832860385925085,0.1967934165720772,1.5812764167785645,0.03665345511214215,0.27533250289390904,0.22857548240635642
109,hard_map,corrupted,0.3,0.4953178206583428,0.4894329397099786,0.4953178206583428,0.2849035187287174,8.60802936553955,0.1485969976677425,0.28490352251743484,0.2849035187287174
109,tree,corrupted,0.3,0.5814415437003405,0.5755880726056051,0.5814415437003405,0.19594211123723043,1.5871477590930263,0.037424051930491545,0.26617272808836306,0.22275822928490352
109,poincare,corrupted,0.3,0.5820090805902384,0.5763539412900307,0.5820090805902384,0.1963677639046538,1.5842344914317188,0.035609516319259564,0.2695976727012482,0.2243189557321226
109,ultrametric,corrupted,0.3,0.5820090805902384,0.5761047870294361,0.5820090805902384,0.1956583427922815,1.5857608341921068,0.03748399291387958,0.2676587968063217,0.22290011350737798
109,geometric_shell,corrupted,0.3,0.581583427922815,0.5756973871525758,0.581583427922815,0.19622587968217933,1.5855039141295597,0.03621629439603798,0.26795880505095837,0.22304199772985245
109,vanilla,corrupted,0.4,0.5832860385925085,0.5773055851737082,0.5832860385925085,0.1967934165720772,1.5812764167785645,0.03665345511214215,0.27533250289390904,0.22857548240635642
109,hard_map,corrupted,0.4,0.4026674233825199,0.3990460927449672,0.4026674233825199,0.4225312145289444,12.261566162109375,0.21166701407344093,0.4225312176157343,0.4225312145289444
109,tree,corrupted,0.4,0.5804483541430193,0.5743262436146578,0.5804483541430193,0.19807037457434734,1.5895393218514111,0.03690487712202166,0.26857523507818154,0.22375141884222474
109,poincare,corrupted,0.4,0.5818671963677639,0.5762138934017678,0.5818671963677639,0.19736095346197502,1.5857977157441838,0.03629765100674438,0.27114692117353767,0.22517026106696936
109,ultrametric,corrupted,0.4,0.5807321225879682,0.5745628739718688,0.5807321225879682,0.19764472190692395,1.5878168390147849,0.035886713591479505,0.2697048638071585,0.2234676503972758
109,geometric_shell,corrupted,0.4,0.5807321225879682,0.5746219079345044,0.5807321225879682,0.19721906923950056,1.587489899523579,0.03521277313051246,0.2699313477969694,0.22403518728717367
